|Basis|,Error
1,1.0000000231364816
2,0.8630280906777417
3,0.9574741228039791
4,0.8238807992582963
5,0.7349898850812328
6,0.6816664107651307
7,0.9431158612944767
8,0.9248488635296985
9,0.9284186417346618
10,0.8691804401913644
