time,num_variables,base_num_polys,max_deg,sum_num_polys,error
0,2,1000,6,1,0.01525042343128685
1,2,1000,6,1,0.006957579888711692
2,2,1000,6,1,0.006429517117077527
3,2,1000,6,1,0.010986677786038589
4,2,1000,6,1,0.01490822323005844
